ts	phase	decision	why	evidence	result
2026-10-01T01:51:20Z	baseline	Preserved existing work and created readiness branch	Avoid replacing in-flight changes	/tmp/scanforge-readiness-20260930/baseline-status.txt	VERIFIED
2026-10-01T01:51:20Z	baseline	API 144 passed, worker 74 passed, web Node 75 passed; Vitest timed out	Measure the starting state before edits	/tmp/scanforge-readiness-20260930	PARTIAL
2026-10-01T01:51:20Z	design	Selected adapter-owned commands and scan-owned artifact directories	Preserve existing ownership and eliminate silent version probes	/tmp/scanforge-readiness-20260930/design-a.md	IMPLEMENTING
2026-10-01T01:51:21Z	completion	Added bounded versioned completion and scoped artifacts; stopped invented provenance	Worker evidence must not manufacture authority	apps/api/tests/test_completion_boundaries_beta.py	13 focused tests passed
2026-10-01T02:02:25Z	access	Added membership and role guards plus supported schedule recalculation	Direct services must enforce the same authority as routes	apps/api/tests/test_service_access_beta.py	43 focused tests passed; full-suite fixture correction pending
2026-10-01T02:02:25Z	runtime	Added named container cleanup and quota-limited bounded export	Host bind output cannot enforce scanner disk growth	apps/worker/tests/test_runtime_export.py	23 subprocess tests passed; live Docker blocked
2026-10-01T02:02:25Z	postgres	Applied migrations and tested concurrent replay plus rollback	SQLite cannot prove row locking or transactional completion	/tmp/scanforge-readiness-20260930/completion-postgres.txt	2 PostgreSQL tests passed
2026-10-01T02:02:25Z	queue	Added outage propagation, lease renewal and five-minute reclaim	Avoid hiding queue outages and recover crashed workers within beta budget	apps/worker/tests/test_queue_native_beta.py	Native Redis ownership/reclaim/ack passed
2026-10-02T01:57:25Z	review	Repaired attempt polling, progress fencing, artifact retention and reserved lifecycle metadata	Independent review reproduced authority defects across real execution boundaries	apps/api/tests/test_execution_authority_beta.py	API 232 passed; isolated PostgreSQL 2 passed
2026-10-02T01:57:25Z	runtime	Registered cancellation before launch and supervised Git subprocess cleanup	Prevent work from starting or surviving after workspace cancellation	apps/worker/tests/test_runtime_export.py	Worker 189 passed; Docker unavailable
2026-10-02T01:57:25Z	storage	Signed create-only artifact writes and attempt-specific filenames	Committed artifacts must not be overwritten by issued upload URLs	apps/api/tests/test_completion_boundaries_beta.py	Scoped tests passed; live R2 unverified
2026-10-02T01:57:26Z	dependencies	Updated vulnerable packages and recorded Python constraints	Audits must describe the installed release candidate	/tmp/scanforge-readiness-20260930/api-audit-final.txt	API, worker and web audits report no known vulnerabilities
2026-10-02T01:57:26Z	web	Repaired selection state, disposition actions and onboarding retry	Production drawer and onboarding must reflect actual API behavior	apps/web/app/(dashboard)/dashboard/[org_id]/projects/[project_id]/findings/FindingDrawer.spec.tsx	75 Node and 28 Vitest passed; production build in progress
2026-10-02T02:14:29Z	final	Completed all enabled local checks and preserved unverified release prerequisites	Local execution cannot substitute for live deployment and operator evidence	docs/reviews/readiness-2026-09-30/evidence/local-gate-report.json	16 gate checks passed; API232 worker192 Node75 Vitest33; release_ready false
